cache_size,country_mean,cube,map_access,msc,open,removeMSC,spatial_mean,ts_access
1.0e7,3.218237162,/scratch/DataCube/v1.0.0/low-res,0.00719502,4.867290676,0.004852458,5.030829038,0.80945279,0.065833811
1.0e7,21.497745428,/scratch/DataCube/v1.0.1/esdc-8d-0.25deg-1x720x1440-1.0.1_1,0.059042918,113.629152886,0.032823365,114.115398046,19.022250146,18.260701707
1.0e7,5.00602097,/scratch/DataCube/v1.0.1/esdc-8d-0.25deg-46x90x90-1.0.1_2,0.149793272,9.073471713,0.006295839,9.579790457,2.286509193,0.20376827
1.0e8,3.148684432,/scratch/DataCube/v1.0.0/low-res,0.007221243,5.210161538,0.004752173,4.991397146,0.95221929,0.079740055
1.0e8,21.560571356,/scratch/DataCube/v1.0.1/esdc-8d-0.25deg-1x720x1440-1.0.1_1,0.04308825,23.55050932,0.005386386,23.384745174,19.107279079,18.431831276
1.0e8,4.811466165,/scratch/DataCube/v1.0.1/esdc-8d-0.25deg-46x90x90-1.0.1_2,0.148006091,6.143743382,0.006554939,6.168648913,2.258026735,0.212888299
1.0e7,54.720588547,/scratch/DataCube/v1.0.1/esdc-8d-0.25deg-1x720x1440-1.0.1_1_zarr,1.326628618,60.214037065,1.944731335,60.817056902,49.76343689,1.570891993
1.0e8,55.182246442,/scratch/DataCube/v1.0.1/esdc-8d-0.25deg-1x720x1440-1.0.1_1_zarr,0.156172234,51.996081356,0.007993816,53.101717703,48.514868393,1.38500582
