cube,open,map_access,ts_access,msc,removeMSC,spatial_mean
/scratch/DataCube/v1.0.0/low-res,0.9878600551746786,1.1927761030383408,0.10380748799070716,2.7746192011982203,4.245794830843806,0.7688810611143708
/scratch/DataCube/v1.0.1/esdc-8d-0.25deg-1x720x1440-1.0.1_1,8.729647654574364,0.14887991966679692,34.97829107102007,53.41183306509629,52.393862020689994,35.200016379822046
/scratch/DataCube/v1.0.1/esdc-8d-0.25deg-46x90x90-1.0.1_2,1.9545069551095366,0.3361256360076368,0.5391164300963283,14.25440702913329,20.394444782752544,3.251437606289983
